rsid	gene	chrom	pos	ref_fwd	alt_fwd	star_or_variant	functional_effect	category	notes
rs4244285	CYP2C19	10	96541616	G	A	*2	loss_of_function	pgx	splicing defect
rs4986893	CYP2C19	10	96540410	G	A	*3	loss_of_function	pgx	premature stop; mostly East Asian
rs12248560	CYP2C19	10	96521657	C	T	*17	increased_function	pgx	ultra-rapid metabolizer allele
rs1799853	CYP2C9	10	96702047	C	T	*2	decreased_function	pgx	R144C
rs1057910	CYP2C9	10	96741053	A	C	*3	strongly_decreased	pgx	I359L
rs9923231	VKORC1	16	31107689	C	T	-1639G>A_tag	warfarin_sensitivity	pgx	T on forward = A on gene strand; lower dose needed
rs3918290	DPYD	1	97915614	C	T	*2A	no_function	pgx	splice site; fluoropyrimidine toxicity risk
rs55886062	DPYD	1	97981395	A	C	*13	no_function	pgx	I560S
rs67376798	DPYD	1	97547947	T	A	c.2846A>T	decreased_function	pgx	D949V; forward-strand T>A (gene-strand A>T; DPYD is minus-strand)
rs75017182	DPYD	1	98045449	G	C	HapB3_tag	decreased_function	pgx	forward-strand G>C (gene-strand c.1129-5923C>G; DPYD is minus-strand); may be absent on v4, present on v5
rs1800462	TPMT	6	18143955	C	G	*2	no_function	pgx	A80P
rs1800460	TPMT	6	18139228	C	T	*3B	decreased_function	pgx	A154T
rs1142345	TPMT	6	18130918	T	C	*3C	decreased_function	pgx	Y240C
rs116855232	NUDT15	13	48619355	C	T	R139C	decreased_function	pgx	complements TPMT; higher impact in Asian ancestry
rs4149056	SLCO1B1	12	21331549	T	C	*5	decreased_function	pgx	V174A; statin myopathy risk (esp simvastatin)
rs887829	UGT1A1	2	234668879	C	T	*28_tag	decreased_function	pgx	tags TA7 repeat; irinotecan / atazanavir
rs2395029	HLA-B	6	31431780	T	G	*57:01_tag	sensitivity	pgx	European-calibrated tag; NOT reliable across ancestries
rs3892097	CYP2D6	22	42524947	G	A	*4_tag	loss_of_function	pgx_report_only	NO phenotype call from array (CNV invisible)
rs5030655	CYP2D6	22	42524243	C	-	*6_tag	loss_of_function	pgx_report_only	deletion; NO phenotype call
rs1065852	CYP2D6	22	42526694	G	A	*10_tag	decreased_function	pgx_report_only	P34S; NO phenotype call
rs35742686	CYP2D6	22	42524244	T	-	*3_tag	loss_of_function	pgx_report_only	deletion; NO phenotype call
rs429358	APOE	19	45411941	T	C	e4_marker	apoe_haplotype	cardio	C allele contributes to ε4 (Arg112)
rs7412	APOE	19	45412079	C	T	e2_marker	apoe_haplotype	cardio	T allele contributes to ε2 (Cys158)
rs1800562	HFE	6	26093141	G	A	C282Y	pathogenic	cardio	A/A → hemochromatosis (highest penetrance)
rs1799945	HFE	6	26091179	C	G	H63D	modifier	cardio	compound het with C282Y matters
rs6025	F5	1	169519049	C	T	Factor_V_Leiden	thrombophilia	cardio	T → VTE risk ~4-8× het
rs1799963	F2	11	46761055	G	A	prothrombin_G20210A	thrombophilia	cardio	A → VTE risk ~3× het
rs17580	SERPINA1	14	94847262	T	A	PI_S	aat_deficiency	cardio	A = S allele (mild deficiency)
rs28929474	SERPINA1	14	94844947	C	T	PI_Z	aat_deficiency	cardio	T = Z allele (severe deficiency)
rs10455872	LPA	6	161010118	A	G	lpa_risk1	elevated_lpa	cardio	G raises Lp(a); CAD risk
rs3798220	LPA	6	160961137	T	C	lpa_risk2	elevated_lpa	cardio	C raises Lp(a); CAD risk
rs1801133	MTHFR	1	11856378	G	A	C677T	enzyme_reduced	cardio	ACMG: not actionable clinically
rs1801131	MTHFR	1	11854476	T	G	A1298C	enzyme_reduced	cardio	ACMG: not actionable clinically
